{
    "loss": 0.7065702676773071,
    "accuracy": 0.8534482717514038
}